Model,Average_Precision_Score,F1_Score,Recall_Score
XLNet,0.648266953556129,0.6950908256950133,0.6975522235037805
RoBERTa,0.6440057405469857,0.6971684018913431,0.7010765090349865
BERT,0.632461758531403,0.6872185896480694,0.6876201460976548
DistilBERT,0.6183321654885623,0.6803735672167537,0.6812123542227349
