Model,Average_Precision_Score,F1_Score,Recall_Score
GPT-2,0.6269783140397208,0.6787089530342238,0.6744200948353197
BART,0.6403197767914388,0.6920095302960547,0.6910803537101115
MobileBERT,0.6441232962144667,0.6937919042022564,0.7038318595412021
ALBERT,0.6310004183607842,0.6724689662483324,0.6896065615788799
ELECTRA,0.6541288045058874,0.6912830158692171,0.6943483275663207
