Model,Average_Precision_Score,F1_Score,Recall_Score
GPT-2,0.6326973352723566,0.6796676085430085,0.6770472895040369
BART,0.6392472821415354,0.6886497024456406,0.688965782391388
MobileBERT,0.6470388044284622,0.6923116060072844,0.7019735998974753
ALBERT,0.18867243280624932,0.3444270473602062,0.5099320774061259
ELECTRA,0.6558450135717944,0.699950274671477,0.7021017557349737
