Model,Average_Precision_Score,F1_Score,Recall_Score
BERT,0.6282799867373784,0.6710586768674203,0.6666025887479174
RoBERTa,0.6437840352414792,0.6856144595536543,0.7002434960912469
DistilBERT,0.5552809595232022,0.6266701769873179,0.6378956811482763
XLNet,0.5565042448777129,0.6358427088731421,0.6473151352044085
